{"cameraMode":{"drawMode":0,"name":"Shaded","section":"Shading Mode"},"sceneLighting":true,"audioPlay":false,"sceneViewState":{"m_AlwaysRefresh":false,"showFog":true,"showSkybox":true,"showFlares":true,"showImageEffects":true,"showParticleSystems":true,"showVisualEffectGraphs":true,"m_FxEnabled":true},"in2DMode":false,"pivot":{"x":0.042208313941955569,"y":0.22952914237976075,"z":-0.33401918411254885},"rotation":{"x":0.17562395334243775,"y":-0.0914182960987091,"z":0.01638115756213665,"w":0.9800934195518494},"size":5.09345817565918,"orthographic":false}